,City,Cloudiness,Country,Date,Humidity,Lat,Lng,Max Temp,Wind Speed
0,mataura,77,NZ,1567459665,80,-46.19,168.86,48.0,4.0
1,hermanus,0,ZA,1567459665,96,-34.42,19.24,53.01,4.94
2,chokurdakh,61,RU,1567459665,71,70.62,147.9,39.83,5.14
3,grootfontein,0,NA,1567459094,6,-19.56,18.1,57.11,8.23
4,acapulco,20,MX,1567459666,66,16.86,-99.88,89.6,8.05
5,bluff,0,AU,1567459666,38,-23.58,149.07,61.07,4.07
6,punta arenas,75,PH,1567459667,88,14.18,121.12,78.01,3.36
7,bambous virieux,40,MU,1567459667,82,-20.26,57.41,69.01,4.7
8,sao joao da barra,100,IN,1567459667,91,20.51,76.21,72.77,7.83
9,makamba,3,BI,1567459668,67,-4.13,29.8,71.51,6.38
10,viedma,99,AR,1567459668,62,-40.81,-62.99,42.53,24.43
11,ugoofaaru,100,MV,1567459154,75,5.67,73.0,82.49,7.99
12,caravelas,100,BR,1567459669,82,-17.73,-39.27,74.57,10.67
13,boguchany,0,RU,1567459669,95,58.38,97.46,44.15,1.61
14,broome,100,GB,1567459669,67,52.47,1.45,64.0,12.75
15,atuona,1,PF,1567459670,70,-9.8,-139.03,79.07,14.56
16,nyurba,100,RU,1567459670,93,63.29,118.35,46.67,6.91
17,camacha,40,PT,1567459670,73,33.08,-16.33,71.6,11.41
18,tual,77,ID,1567459671,79,-5.67,132.75,75.47,19.69
19,thompson,75,CA,1567459671,47,55.74,-97.86,59.0,4.7
20,cherskiy,0,RU,1567459671,54,68.75,161.3,43.07,5.77
21,new norfolk,75,LR,1567459672,94,6.65,-10.59,78.8,10.13
22,shimoda,8,JP,1567459672,70,34.7,138.93,80.01,1.99
23,ilulissat,75,GL,1567459672,70,69.22,-51.1,42.8,4.7
24,tuktoyaktuk,20,CA,1567459673,65,69.44,-133.03,46.4,17.22
25,kawana waters,0,AU,1567459673,66,-23.33,150.51,50.0,3.58
26,khilok,98,RU,1567459673,98,51.36,110.46,55.49,3.24
27,tiarei,90,PF,1567459385,61,-17.53,-149.33,82.0,4.7
28,rikitea,100,PF,1567459674,83,-23.12,-134.97,73.13,4.16
29,saint-philippe,1,CA,1567459674,77,45.36,-73.48,73.0,12.75
30,rumford,90,US,1567459674,87,44.55,-70.55,63.0,3.56
31,tiksi,100,RU,1567459108,92,71.64,128.87,39.83,7.05
32,nelson bay,0,CA,1567459675,26,49.49,-117.29,77.27,4.07
33,mar del plata,100,CN,1567459675,92,29.86,90.73,37.49,1.63
34,luderitz,0,NA,1567459676,52,-26.65,15.16,64.4,6.93
35,marawi,93,PH,1567459676,93,8.0,124.29,73.99,4.0
36,nouadhibou,62,MR,1567459156,84,20.93,-17.03,73.13,10.56
37,salalah,90,OM,1567459157,94,17.01,54.1,78.8,5.82
38,nikolskoye,40,RU,1567459677,87,59.7,30.79,66.0,6.71
39,kruisfontein,0,ZA,1567459677,89,-34.0,24.73,49.55,3.87
40,avarua,3,CK,1567459604,53,-21.21,-159.78,71.6,9.17
41,kavieng,91,PG,1567459096,78,-2.57,150.8,82.67,14.97
42,male,0,UA,1567459678,66,50.74,33.7,64.67,5.68
43,mahebourg,40,MU,1567459678,82,-20.41,57.7,69.01,4.7
44,shache,94,CN,1567459679,92,38.42,77.24,75.99,14.88
45,kalmunai,100,LK,1567459106,75,7.42,81.82,76.19,1.54
46,avallon,29,FR,1567459679,56,47.49,3.91,53.01,4.38
47,ust-nera,26,RU,1567459680,64,64.57,143.24,44.87,3.78
48,vanimo,1,PG,1567459680,83,-2.67,141.3,79.07,7.96
49,vaini,100,IN,1567459680,93,15.34,74.49,75.65,2.68
50,dikson,66,RU,1567459681,94,73.51,80.55,42.17,8.43
51,noumea,75,NC,1567459681,83,-22.28,166.46,73.0,3.36
52,arraial do cabo,0,BR,1567459681,77,-22.84,-46.65,73.0,11.41
53,butaritari,99,KI,1567459682,67,3.07,172.79,85.01,7.0
54,adrar,0,DZ,1567459169,17,27.87,-0.29,100.4,8.05
55,saint-pierre,0,FR,1567459682,54,48.95,4.24,59.0,2.24
56,letlhakane,0,BW,1567459163,39,-21.42,25.59,63.59,11.36
57,port hedland,0,CD,1567459014,57,-7.04,29.76,66.29,3.18
58,padang,100,ID,1567459683,85,-0.92,100.36,80.87,16.31
59,chapais,75,CA,1567459684,58,49.78,-74.86,53.6,11.41
60,salinopolis,47,BR,1567459684,81,-0.61,-47.36,80.87,18.57
61,narsaq,66,GL,1567459685,71,60.91,-46.05,51.8,9.17
62,cape town,0,CL,1567459685,27,-36.41,-71.9,62.6,16.11
63,hilo,75,US,1567459547,65,19.71,-155.08,84.0,5.82
64,iqaluit,75,CA,1567459685,86,63.75,-68.52,41.0,6.93
65,port alfred,0,CD,1567459686,57,-7.04,29.76,66.29,3.18
66,cidreira,0,BR,1567459104,69,-30.17,-50.22,55.67,6.53
67,kapaa,75,US,1567459686,62,22.08,-159.32,87.8,13.87
68,vardo,1,US,1567459090,57,39.62,-77.74,82.99,6.93
69,albany,75,US,1567459687,83,42.65,-73.75,73.99,4.7
70,idah,100,NG,1567459687,97,7.11,6.73,73.67,4.63
71,vila velha,0,IT,1567459688,73,45.18,8.4,77.0,3.36
72,busselton,97,AU,1567459688,70,-33.64,115.35,48.99,22.3
73,waipawa,3,NZ,1567459688,80,-39.94,176.59,52.0,1.01
74,ouahigouya,100,BF,1567459689,59,13.58,-2.42,84.83,3.02
75,ushuaia,75,AR,1567459549,96,-54.81,-68.31,37.4,38.03
76,peniche,0,PT,1567458994,38,39.36,-9.38,77.0,11.41
77,puerto ayora,0,AR,1567459689,45,-51.62,-69.23,46.4,27.51
78,sao filipe,100,IN,1567459690,91,20.51,76.21,72.77,7.83
79,jamestown,1,AU,1567459690,97,-33.21,138.6,46.31,4.21
80,lakes entrance,1,US,1567459690,54,37.5,-83.94,89.6,4.7
81,gemena,89,CD,1567459691,92,3.25,19.78,72.41,2.64
82,brazzaville,13,CD,1567459691,65,-4.27,15.27,78.8,8.05
83,constitucion,40,MX,1567459136,49,23.99,-104.67,73.99,5.82
84,bredasdorp,0,ZA,1567459691,93,-34.53,20.04,46.99,5.82
85,kempele,90,FI,1567459692,100,64.91,25.51,59.0,3.36
86,farafangana,19,MG,1567459692,98,-22.82,47.83,65.21,2.17
87,victoria,75,BN,1567459692,78,5.28,115.24,80.01,10.63
88,samarai,99,PG,1567459693,86,-10.62,150.67,70.07,5.68
89,cap malheureux,0,FR,1567459693,87,49.27,-1.21,61.0,8.05
90,tyrma,97,RU,1567459694,96,50.04,132.17,45.95,1.7
91,namatanai,67,PG,1567459124,82,-3.66,152.44,79.79,12.24
92,airai,96,TL,1567459694,67,-8.93,125.41,64.31,4.43
93,touros,40,BR,1567459442,83,-5.2,-35.46,77.0,8.05
94,namibe,97,AO,1567459695,86,-15.19,12.15,64.13,9.04
95,castro,0,CL,1567459695,53,-42.48,-73.76,50.0,6.93
96,goma,76,CD,1567459695,95,-1.67,29.23,56.93,1.97
97,kaitangata,48,NZ,1567459695,73,-46.28,169.85,48.99,5.99
98,pacific grove,1,US,1567459167,64,47.26,-122.25,79.0,11.41
99,hobart,20,AU,1567459696,76,-42.88,147.33,52.0,6.93
100,piracanjuba,0,BR,1567459697,22,-17.3,-49.02,88.43,4.9
101,kahului,40,US,1567459697,58,20.89,-156.47,87.8,25.28
102,danielskuil,0,ZA,1567459697,22,-28.19,23.54,47.03,5.35
103,nhulunbuy,67,AU,1567459698,93,-12.18,136.78,64.4,3.36
104,tasiilaq,56,GL,1567459698,60,65.61,-37.64,42.8,5.82
105,sabang,67,PH,1567459698,80,13.8,121.11,78.01,2.53
106,edgewater,75,US,1567459699,74,28.99,-80.9,88.0,14.99
107,margate,20,AU,1567459699,76,-43.03,147.26,52.0,6.93
108,east london,100,UG,1567459700,90,3.43,31.7,68.63,2.48
109,hithadhoo,100,MV,1567459700,76,-0.6,73.08,82.67,9.04
110,cerrito,40,CO,1567459701,83,6.84,-72.7,73.4,11.41
111,mount gambier,20,GB,1567459701,82,53.66,-1.85,60.8,17.22
112,sioux lookout,1,US,1567459701,82,46.74,-90.88,69.01,5.82
113,kodiak,40,US,1567459122,62,39.95,-94.76,89.01,12.75
114,muramatsu,75,JP,1567459702,94,37.68,139.18,69.8,4.7
115,luba,100,PH,1567459702,94,17.32,120.7,74.75,4.61
116,belmonte,0,PT,1567459703,44,40.36,-7.35,73.0,7.14
117,vila,0,IT,1567459042,73,45.18,8.4,77.0,2.24
118,ponta do sol,79,BR,1567459703,50,-0.53,-65.05,92.21,2.84
119,kalawit,100,PH,1567459703,93,7.91,122.53,74.57,3.89
120,severo-kurilsk,100,RU,1567459704,94,50.68,156.12,49.91,4.85
121,tilichiki,0,RU,1567459704,71,60.47,166.1,47.03,6.26
122,christchurch,0,NZ,1567459704,93,-43.53,172.64,51.01,4.7
123,cabo san lucas,20,ES,1567459705,77,43.18,-5.8,72.0,8.05
124,manuk mangkaw,98,ID,1567459705,93,-7.9,111.5,63.95,2.66
125,mountain home,1,CA,1567459705,68,45.03,-75.49,75.99,3.36
126,porto novo,0,PT,1567459706,73,41.15,-8.61,79.0,2.24
127,pevek,100,RU,1567459706,76,69.7,170.27,37.67,4.99
128,ribeira grande,0,PT,1567459706,64,41.76,-8.56,79.0,4.7
129,mawlaik,100,MM,1567459706,98,23.63,94.42,70.79,1.81
130,chuy,100,UY,1567459707,66,-33.69,-53.46,51.53,8.5
131,lata,0,IN,1567459707,94,30.78,78.62,40.91,2.06
132,houma,0,CN,1567459707,64,35.63,111.36,64.49,6.02
133,bossangoa,100,CF,1567459708,95,6.5,17.45,70.25,1.99
134,dudinka,40,RU,1567459543,100,69.41,86.18,44.6,6.71
135,barrow,0,AR,1567459708,60,-38.31,-60.23,42.71,16.78
136,kenai,90,US,1567459709,55,60.55,-151.26,64.4,11.41
137,rahuri,100,IN,1567459709,85,19.39,74.65,74.57,5.19
138,boshnyakovo,70,RU,1567459709,75,49.65,142.17,59.09,23.26
139,aklavik,20,CA,1567459710,34,68.22,-135.01,53.6,9.17
140,tumaco,52,CO,1567459568,82,1.8,-78.82,77.63,12.97
141,ranong,100,TH,1567459710,82,9.96,98.62,81.23,12.86
142,nanortalik,90,GL,1567459711,91,60.14,-45.24,43.25,6.49
143,paamiut,5,GL,1567459711,81,61.99,-49.67,43.61,6.73
144,jhunjhunun,34,IN,1567459712,61,28.13,75.4,87.35,6.82
145,saldanha,0,PT,1567459712,34,41.42,-6.55,72.05,7.96
146,yantzaza,20,EC,1567459712,29,-3.83,-78.76,87.8,16.11
147,upernavik,0,GL,1567459712,54,72.79,-56.15,41.81,5.61
148,huarmey,1,PE,1567459713,90,-10.07,-78.15,60.53,13.44
149,qaanaaq,29,GL,1567459713,52,77.48,-69.36,36.23,2.33
150,kerema,100,PG,1567459714,83,-7.96,145.78,75.47,19.1
151,matamoros,20,US,1567459714,74,25.87,-97.51,87.8,11.41
152,lebu,88,ET,1567459714,93,8.96,38.73,57.2,4.7
153,khatanga,0,RU,1567459714,75,71.98,102.47,40.37,7.02
154,souillac,0,FR,1567459715,55,45.6,-0.6,64.0,4.7
155,norman wells,1,US,1567459531,46,35.22,-97.44,93.2,11.41
156,sambava,0,MG,1567459716,90,-14.27,50.17,65.39,3.49
157,faanui,100,PF,1567459716,79,-16.48,-151.75,77.09,19.95
158,vila franca do campo,0,IT,1567459148,73,45.18,8.4,77.0,2.24
159,kurilsk,0,RU,1567459139,87,45.23,147.88,60.53,19.73
160,high level,1,US,1567459438,39,33.61,-95.75,96.8,5.82
161,malangwa,67,CD,1567459717,60,-2.84,17.57,81.23,3.6
162,bathsheba,40,BB,1567459718,70,13.22,-59.52,86.0,17.22
163,nizip,0,TR,1567459718,36,37.01,37.79,80.6,6.93
164,zhuhai,0,CN,1567459718,71,40.71,112.04,55.4,6.71
165,maningrida,6,AU,1567459718,95,-12.05,134.23,59.27,5.61
166,lavrentiya,100,RU,1567459719,97,65.58,-170.99,45.05,14.52
167,dayong,20,CN,1567459719,88,25.02,118.29,78.8,4.47
168,clyde river,7,NZ,1567459720,78,-45.19,169.32,37.99,2.53
169,coquimbo,75,CL,1567459454,76,-29.95,-71.34,55.4,9.17
170,torbay,40,CA,1567459720,77,47.66,-52.73,62.01,16.11
171,husavik,85,CA,1567459720,42,50.56,-96.99,62.01,8.01
172,neryungri,74,RU,1567459721,84,56.66,124.71,49.01,1.28
173,dukat,100,AL,1567459721,83,40.25,19.57,75.0,1.01
174,ojinaga,40,US,1567459722,29,29.56,-104.41,93.0,6.93
175,haines junction,1,US,1567459722,29,44.91,-117.94,87.8,3.36
176,yulara,0,AU,1567459160,23,-25.24,130.99,48.2,4.7
177,lasa,20,CY,1567459122,78,34.92,32.53,78.8,5.82
178,ginda,1,IN,1567459723,91,30.69,78.49,59.99,2.86
179,kamenka,3,MD,1567459723,80,48.03,28.7,64.0,2.28
180,ancud,0,CL,1567459723,53,-41.87,-73.83,50.0,6.93
181,juneau,90,US,1567459724,81,58.3,-134.42,59.0,23.04
182,mercedes,66,UY,1567459155,79,-33.25,-58.03,52.0,7.0
183,grand gaube,0,FR,1567459725,50,48.39,5.49,57.2,2.24
184,qiongshan,75,CN,1567459725,100,20.01,110.35,78.8,20.13
185,corning,75,US,1567459543,78,42.14,-77.05,73.4,6.93
186,lahaina,40,US,1567459726,51,20.87,-156.68,89.6,17.22
187,esperance,40,AU,1567459726,93,-33.86,121.89,50.0,11.41
188,virginia beach,1,US,1567459726,61,39.95,-90.21,82.4,3.36
189,bhadrapur,100,NP,1567459727,83,26.55,88.09,81.95,4.14
190,zhaoyuan,0,CN,1567459727,87,45.52,125.08,56.03,5.7
191,alyangula,34,AU,1567459727,93,-13.85,136.42,62.6,4.7
192,dingle,100,PH,1567459728,88,11.0,122.67,73.85,4.38
193,port lincoln,0,CD,1567459138,57,-7.04,29.76,66.29,3.18
194,menomonie,1,US,1567459728,56,44.88,-91.92,80.01,5.82
195,vao,98,EE,1567459140,88,59.1,26.19,58.55,7.9
196,tuatapere,92,NZ,1567459729,80,-46.13,167.69,48.0,4.0
197,matay,0,EG,1567459729,50,28.42,30.79,79.43,14.5
198,sitka,0,US,1567459730,38,37.17,-99.65,96.01,15.99
199,carora,100,VE,1567459730,73,10.17,-70.08,80.87,3.62
200,chaplynka,40,UA,1567459730,39,46.36,33.54,72.05,4.83
201,cordoba,0,AR,1567459730,30,-27.78,-67.24,59.45,15.99
202,bequimao,75,BR,1567459731,78,-2.45,-44.78,82.4,8.05
203,cobija,75,BR,1567459731,70,-11.02,-68.77,84.2,4.7
204,itoman,75,JP,1567459732,88,26.12,127.67,82.4,2.24
205,zaraza,46,VE,1567459732,69,9.35,-65.33,86.99,1.57
206,yellowknife,90,CA,1567459732,71,62.45,-114.38,50.0,6.93
207,lorengau,98,PG,1567459145,85,-2.02,147.27,79.07,7.11
208,hue,90,VN,1567459733,100,16.47,107.58,77.0,3.36
209,jiayuguan,10,CN,1567459733,36,39.77,98.29,65.03,0.81
210,dunedin,40,NZ,1567459612,70,-45.87,170.5,48.83,4.94
211,balabac,100,PH,1567459443,74,7.99,117.06,82.49,12.35
212,sao benedito do rio preto,100,IN,1567459734,91,20.51,76.21,72.77,7.83
213,angoche,2,MZ,1567459735,88,-16.23,39.91,71.15,5.03
214,galesburg,40,US,1567459664,61,40.95,-90.37,84.0,8.05
215,iki-burul,4,RU,1567459735,32,45.82,44.65,68.0,7.23
216,robe,41,ET,1567459736,86,7.12,40.01,49.91,4.59
217,erzin,0,TR,1567459736,69,36.95,36.2,81.0,13.87
218,upata,39,VE,1567459736,72,8.02,-62.41,86.0,1.01
219,lima,90,PE,1567459503,77,-12.06,-77.04,64.4,9.17
220,macaubas,82,BR,1567459737,22,-13.02,-42.7,83.21,5.26
221,solnechnyy,94,RU,1567459737,87,50.72,136.64,48.83,2.71
222,mys shmidta,0,RU,1567459738,92,62.06,48.62,44.69,2.24
223,aras,0,ES,1567459738,67,42.56,-2.36,61.0,2.24
224,tarakan,100,ID,1567459738,85,3.3,117.63,77.27,3.33
225,bethel,90,US,1567459739,93,60.79,-161.76,59.0,20.8
226,sorong,66,ID,1567459739,91,-0.86,131.25,73.85,5.26
227,vilyuysk,100,RU,1567459739,86,63.75,121.63,43.79,4.07
228,parauna,62,ID,1567459740,97,-3.82,122.09,63.95,2.13
229,matagami,99,NG,1567459740,97,9.67,8.4,70.25,3.53
230,zeya,100,RU,1567459741,95,53.74,127.27,50.27,1.19
231,shu,0,KZ,1567459741,26,43.6,73.76,63.05,9.28
232,huicungo,0,PE,1567459741,50,-7.28,-76.8,95.0,2.44
233,collie,39,AU,1567459742,70,-33.36,116.15,48.99,4.0
234,kudahuvadhoo,100,MV,1567459742,72,2.67,72.89,83.03,7.02
235,pandan,100,PH,1567459742,78,11.72,122.09,81.23,15.73
236,laguna,40,BZ,1567459743,59,16.17,-88.94,91.4,6.93
237,adwa,100,ET,1567459743,83,14.16,38.9,63.23,2.84
238,bandarbeyla,0,SO,1567459744,80,9.49,50.81,74.57,24.32
239,challans,0,FR,1567459745,67,46.85,-1.88,62.01,4.7
240,ende,0,ID,1567459745,76,-8.84,121.65,74.39,7.4
241,bibiani,100,GH,1567459745,99,6.45,-2.31,72.05,3.58
242,mitu,0,IR,1567459746,38,36.2,46.09,60.17,5.03
243,saint-augustin,75,CA,1567459746,68,45.63,-73.98,72.0,6.93
244,geraldton,20,CA,1567459746,46,49.72,-86.95,53.6,8.05
245,wladyslawowo,0,PL,1567459747,76,54.79,18.4,59.0,4.7
246,leningradskiy,100,RU,1567459747,91,69.38,178.42,34.97,17.38
247,melilla,0,EC,1567459748,73,-0.8,-80.23,75.2,13.87
248,gazojak,54,TM,1567459748,24,41.19,61.4,65.75,9.35
249,portland,90,US,1567459335,93,43.66,-70.25,66.0,6.93
250,fort nelson,100,IN,1567459749,88,17.96,79.61,75.11,7.49
251,byron bay,75,US,1567459512,55,32.65,-83.76,91.4,13.87
252,benguela,22,AO,1567459749,89,-12.58,13.4,70.07,11.97
253,ostrovnoy,24,RU,1567459749,84,68.05,39.51,58.01,19.46
254,longyearbyen,75,NO,1567459750,92,78.22,15.63,37.4,25.28
255,oume,75,CI,1567459750,94,6.38,-5.42,77.0,4.7
256,vestmannaeyjar,0,IS,1567459751,67,63.44,-20.27,50.27,12.35
257,georgetown,40,GY,1567459550,79,6.8,-58.16,84.2,9.17
258,russell,1,US,1567459751,44,38.9,-98.86,97.0,25.28
259,merauke,76,ID,1567459752,78,-8.49,140.4,74.57,21.27
260,pulsano,40,IT,1567459752,94,40.38,17.36,77.0,2.24
261,katsuura,75,JP,1567459753,94,33.93,134.5,75.2,6.93
262,mehamn,90,NO,1567459753,100,71.03,27.85,50.0,8.05
263,okhotsk,97,RU,1567459753,83,59.36,143.24,53.15,1.99
264,ouallam,100,NE,1567459754,42,14.32,2.08,90.77,9.57
265,port elizabeth,0,CD,1567459754,57,-7.04,29.76,66.29,3.18
266,provideniya,90,RU,1567459755,76,64.42,-173.23,51.8,13.42
267,emerald,0,AU,1567459755,40,-23.53,148.16,51.8,4.7
268,gbarnga,97,LR,1567459755,99,7.0,-9.47,71.33,4.52
269,chor,79,PK,1567459756,74,25.52,69.77,85.91,13.24
270,eureka,90,US,1567459697,82,40.8,-124.16,86.0,5.82
271,mao,40,DO,1567459756,44,19.55,-71.08,95.0,17.22
272,zhigansk,99,RU,1567459757,87,66.77,123.37,41.09,11.79
273,bukama,15,CD,1567459757,28,-9.2,25.85,75.65,2.3
274,ambilobe,0,MG,1567459757,71,-13.19,49.05,70.07,4.14
275,tusnad,51,RO,1567459758,64,46.2,25.9,64.0,2.15
276,klaksvik,46,FO,1567459758,81,62.23,-6.59,44.6,3.36
277,alugan,99,PH,1567459758,86,12.22,125.48,76.91,4.7
278,asyut,0,EG,1567459759,48,27.18,31.19,84.2,5.82
279,coxim,68,BR,1567459759,29,-18.5,-54.75,92.93,1.7
280,gombe,100,NG,1567459760,85,10.28,11.16,73.49,1.05
281,purranque,0,CL,1567459760,30,-40.91,-73.16,53.6,11.41
282,ayagoz,0,KZ,1567459761,45,47.96,80.43,50.99,5.08
283,kurchum,28,KZ,1567459761,52,48.57,83.65,62.33,4.59
284,nuevitas,75,CU,1567459762,62,21.55,-77.27,89.6,14.99
285,sinnamary,0,GF,1567459763,81,5.38,-52.96,81.59,13.96
286,olga,1,US,1567459763,25,34.11,-118.17,99.0,7.09
287,dhidhdhoo,99,MV,1567459764,79,6.88,73.1,81.77,9.35
288,rio gallegos,40,US,1567459764,61,41.11,-90.4,84.0,8.05
289,iskateley,65,RU,1567459764,80,67.68,53.15,46.49,8.21
290,charters towers,1,US,1567459765,54,38.57,-83.43,84.0,6.93
291,goderich,44,CA,1567459516,77,43.74,-81.71,73.0,14.0
292,limenaria,0,GR,1567459765,73,40.63,24.58,79.0,2.24
293,usinsk,83,RU,1567459766,85,66.0,57.56,42.89,5.37
294,campos do jordao,0,PT,1567459767,64,41.97,-8.7,79.0,4.7
295,berdigestyakh,100,RU,1567459767,93,62.1,126.7,49.91,3.6
296,antsohihy,28,MG,1567459768,60,-14.88,47.99,76.19,10.18
297,flinders,0,AU,1567459768,58,-34.58,150.85,59.0,11.41
298,bestobe,1,KZ,1567459768,81,52.5,73.1,47.03,12.01
299,pangody,84,RU,1567459769,83,65.85,74.49,49.37,10.54
300,bac lieu,0,RS,1567459769,73,45.39,19.24,71.6,20.8
301,fare,100,PF,1567459769,79,-16.7,-151.02,76.73,19.46
302,zaykovo,100,RU,1567459770,99,57.56,62.76,47.75,4.32
303,dauphin,90,CA,1567459770,81,51.15,-100.04,53.6,9.17
304,las choapas,75,PL,1567459770,93,49.74,19.43,55.99,9.17
305,rawson,64,AR,1567459770,45,-43.3,-65.11,40.37,21.32
306,bur gabo,90,FI,1567459771,93,63.56,22.87,57.99,10.29
307,tacoronte,75,ES,1567459771,88,28.48,-16.41,71.01,17.22
308,rio grande,40,US,1567459772,61,41.11,-90.4,84.0,8.05
309,grand river south east,0,FR,1567459772,50,48.39,5.49,57.2,2.24
310,lompoc,1,US,1567459772,64,34.64,-120.46,88.0,12.75
311,lang son,28,LA,1567459773,99,20.63,101.85,65.75,0.69
312,teya,75,MX,1567459773,94,21.05,-89.07,81.0,6.93
313,yumen,0,CN,1567459773,29,40.29,97.04,68.81,12.57
314,waddan,2,LY,1567459774,31,29.16,16.14,85.01,6.02
315,parana,90,BR,1567459774,100,-7.52,-72.89,73.4,4.7
316,gazanjyk,0,TM,1567459774,16,39.24,55.52,77.09,11.88
317,synya,75,RU,1567459775,96,65.37,58.04,41.81,3.29
318,tura,98,RU,1567459775,96,64.27,100.22,48.29,0.92
319,xianyang,0,CN,1567459775,82,34.31,108.72,64.4,6.71
320,alofi,40,NU,1567459692,73,-19.06,-169.92,75.2,16.11
321,ures,0,MX,1567459776,44,30.73,-112.95,100.0,5.01
322,tucuman,0,PE,1567459776,19,-17.17,-70.89,67.37,10.87
323,hofn,7,IS,1567459777,84,64.25,-15.21,30.83,7.85
324,lagoa,0,PT,1567459733,88,37.14,-8.45,78.01,2.24
325,shingu,67,JP,1567459777,96,33.72,135.99,68.27,1.45
326,takoradi,94,GH,1567459778,94,4.89,-1.75,74.03,4.41
327,saskylakh,0,RU,1567459778,83,71.97,114.09,31.37,7.76
328,myitkyina,98,MM,1567459779,98,25.38,97.4,71.87,1.36
329,komsomolskiy,100,RU,1567459779,91,67.55,63.78,41.45,5.5
330,new guinlo,75,LR,1567459779,94,6.65,-10.59,78.8,10.13
331,tambacounda,75,SN,1567459780,83,13.77,-13.67,77.0,4.7
332,rengo,0,CL,1567459780,23,-34.41,-70.86,64.4,10.29
333,zakamensk,100,RU,1567459781,95,50.38,103.29,49.91,0.81
334,miri,65,NG,1567459781,90,10.31,9.75,72.05,1.07
335,chabahar,0,IR,1567459782,77,25.29,60.65,81.59,4.12
336,wenchi,100,GH,1567459782,94,7.74,-2.1,72.41,6.2
337,chulym,100,RU,1567459782,66,55.09,80.97,50.27,4.5
338,saint-francois,0,FR,1567459783,50,46.42,3.91,57.2,2.24
339,miranda,25,BR,1567459783,33,-20.24,-56.38,91.49,6.58
340,santa fe,100,PH,1567459783,79,17.49,120.43,82.49,25.26
341,davila,90,PH,1567459783,94,18.47,120.58,77.0,6.93
342,zilair,20,RU,1567459784,94,52.23,57.44,38.39,2.48
343,san felipe,41,ML,1567459784,66,13.3,-4.9,83.21,5.35
344,jumla,27,NP,1567459785,94,29.28,82.18,52.79,2.08
345,izhma,22,RU,1567459785,93,65.01,53.91,43.07,1.66
346,poum,0,MK,1567459785,77,41.28,20.71,60.8,2.24
347,damghan,0,IR,1567459786,79,36.17,54.34,56.21,0.6
348,jitotol,40,MX,1567459786,40,17.07,-92.86,87.8,8.05
349,caohe,100,CN,1567459786,95,32.93,105.08,56.03,0.74
350,hirara,0,JP,1567459787,81,24.8,125.28,83.57,15.23
351,necochea,0,AR,1567459787,85,-38.55,-58.74,39.99,8.99
352,kaseda,75,JP,1567459787,100,31.42,130.32,71.6,3.36
353,kidal,90,ML,1567459788,44,18.44,1.41,85.91,13.94
354,ibra,66,OM,1567459788,49,22.69,58.55,83.21,1.97
355,lucapa,66,AO,1567459789,74,-8.42,20.74,72.05,3.22
356,coronado,90,PA,1567459789,79,8.53,-79.9,84.2,2.28
357,helena,20,US,1567459605,17,46.59,-112.04,89.6,14.99
358,wattegama,65,LK,1567459790,83,7.35,80.68,72.41,4.47
359,carnarvon,0,ZA,1567459790,19,-30.97,22.13,53.87,4.05
360,atherton,14,AU,1567459791,82,-17.27,145.48,60.8,3.36
361,songea,5,TZ,1567459791,56,-10.68,35.65,69.8,5.82
362,maturin,26,VE,1567459791,80,9.75,-63.18,81.77,1.77
363,taldan,5,RU,1567459792,96,53.69,124.82,47.39,2.19
364,carbonia,5,IT,1567459792,83,39.17,8.53,75.2,11.41
365,barra patuca,40,GM,1567459792,88,13.49,-16.54,80.6,4.7
366,rizhao,0,CN,1567459793,92,35.43,119.46,62.87,2.95
367,darhan,94,MN,1567459793,87,49.49,105.92,57.83,2.42
368,zuwarah,0,LY,1567459794,69,32.93,12.08,79.97,5.61
369,tigil,60,RU,1567459794,48,57.8,158.67,47.75,8.14
370,morwell,23,AU,1567459794,97,-38.24,146.4,44.01,2.77
371,san cristobal,41,ML,1567459795,66,13.3,-4.9,83.21,5.35
372,hailey,20,US,1567459796,16,43.52,-114.32,87.01,9.17
373,ipixuna,40,BR,1567459796,69,-1.76,-48.8,80.6,3.36
374,jefferson city,40,US,1567459797,69,42.02,-94.38,84.0,9.17
375,kuna,1,US,1567459715,20,43.49,-116.42,91.4,5.82
376,tamparan,93,PH,1567459797,86,7.88,124.34,69.53,3.15
377,seoul,90,KR,1567459649,100,37.57,126.98,71.6,1.12
378,guerrero negro,0,AR,1567459798,26,-24.19,-65.45,71.6,8.05
379,churapcha,99,RU,1567459798,88,62.0,132.43,49.01,5.86
380,levelland,20,US,1567459504,29,33.59,-102.38,93.99,10.29
381,westport,90,US,1567459799,88,41.14,-73.36,75.2,16.11
382,pampas,100,PE,1567459799,42,-12.4,-74.87,55.49,10.94
383,riyadh,0,SA,1567459783,24,24.63,46.72,89.6,2.62
384,altamont,90,CA,1567459800,100,49.4,-98.5,57.99,10.98
385,srednekolymsk,31,RU,1567459800,45,67.46,153.71,47.21,2.55
386,tsabong,0,BW,1567459801,11,-26.02,22.4,58.01,8.52
387,olinda,0,AU,1567459801,81,-37.84,145.39,53.01,3.36
388,codrington,0,AU,1567459802,93,-28.95,153.24,55.99,8.05
389,litoral del san juan,0,BR,1567459803,73,-30.01,-50.16,54.59,5.97
390,richards bay,1,US,1567459803,56,46.84,-95.91,71.6,11.41
391,liberal,1,US,1567459513,26,37.04,-100.92,98.6,19.46
392,passo de camaragibe,93,CH,1567459806,46,46.31,8.38,73.4,8.05
393,wajima,100,JP,1567459807,92,37.4,136.9,71.51,15.52
394,wanning,75,AT,1567459807,93,48.64,13.53,60.01,3.36
395,cayenne,0,GF,1567459808,78,4.94,-52.33,82.4,4.7
396,xining,57,CN,1567459808,85,36.62,101.77,47.93,3.49
397,port blair,0,CD,1567459809,57,-7.04,29.76,66.29,3.18
398,pisco,40,PE,1567459813,30,-13.71,-76.2,71.6,11.41
399,tobermory,5,CA,1567459815,55,45.25,-81.67,72.0,4.0
400,lugovoy,100,RU,1567459815,97,59.72,65.88,48.29,6.22
401,ketchikan,90,US,1567459815,72,55.34,-131.65,62.6,13.87
402,jakhal mandi,0,IN,1567459816,66,29.8,75.82,83.39,2.98
403,tahe,83,CN,1567459816,97,52.34,124.71,51.71,1.95
404,montlucon,55,FR,1567459816,61,46.33,2.6,59.0,3.78
405,yangambi,100,CD,1567459817,91,0.77,24.47,72.23,2.8
406,marsh harbour,20,GB,1567459817,82,53.65,-1.81,60.8,17.22
407,hualmay,0,PE,1567459817,88,-11.1,-77.61,60.71,11.07
408,abu dhabi,75,JP,1567459818,94,34.51,131.49,77.0,3.36
409,nantucket,1,US,1567459818,83,41.28,-70.1,73.4,6.93
410,santiago del estero,100,PH,1567459540,95,16.69,121.54,71.69,1.63
411,port-gentil,40,GA,1567459819,83,-0.72,8.78,77.0,11.41
412,wawa,100,NG,1567459819,91,9.9,4.41,74.93,1.97
413,valparaiso,1,US,1567459726,57,41.47,-87.06,84.0,3.36
414,kupang,20,ID,1567459782,73,-10.16,123.6,69.8,9.17
415,ahipara,77,NZ,1567459821,100,-35.17,173.16,59.0,21.39
416,manta,0,RO,1567459821,42,45.1,24.1,65.39,4.21
417,belaya gora,31,RU,1567459822,48,51.06,35.71,68.27,3.96
418,poyarkovo,94,RU,1567459822,81,49.62,128.65,52.79,5.08
419,pascagoula,40,US,1567459822,52,30.37,-88.56,95.0,10.29
420,asosa,100,ET,1567459823,95,10.07,34.53,65.03,2.44
421,sembakung,93,ID,1567459823,90,3.82,117.25,73.85,1.63
422,bermeo,20,ES,1567459823,87,43.42,-2.72,66.0,2.24
423,tongliao,7,CN,1567459824,97,43.61,122.27,63.41,6.71
424,talnakh,40,RU,1567459824,100,69.49,88.39,44.6,8.95
425,dilla,74,ET,1567459825,77,6.41,38.31,70.79,9.46
426,caceres,13,CO,1567459825,77,5.53,-74.53,77.09,3.91
427,hokitika,0,NZ,1567459825,60,-42.72,170.96,47.93,0.87
428,hobyo,13,SO,1567459826,76,5.35,48.53,76.55,26.37
429,dalvik,20,SE,1567459826,93,57.79,14.13,50.0,5.82
430,tutoia,77,BR,1567459827,76,-2.76,-42.27,79.61,9.35
431,praia,0,BR,1567459827,36,-20.25,-43.81,84.2,6.93
432,san patricio,41,ML,1567459795,66,13.3,-4.9,83.21,5.35
433,harper,40,US,1567459828,28,30.3,-99.24,98.01,3.36
434,bilibino,99,RU,1567459828,62,68.06,166.44,35.87,0.85
435,antofagasta,40,CL,1567459793,67,-23.65,-70.4,59.0,12.75
436,taoudenni,58,ML,1567459829,17,22.68,-3.98,103.73,5.75
437,aksarka,100,RU,1567459829,82,66.56,67.8,43.07,7.65
438,bull savanna,75,LR,1567459830,94,6.2,-10.28,78.8,14.79
439,bayir,0,TR,1567459830,83,37.27,28.22,73.4,4.7
440,bantou,100,CN,1567459831,98,26.22,117.49,67.73,2.19
441,faya,0,SA,1567459831,37,18.39,42.45,71.6,5.21
442,havre-saint-pierre,90,CA,1567459832,71,50.23,-63.6,57.2,16.11
443,worthington,90,US,1567459802,78,43.62,-95.6,80.01,13.87
444,jaen,2,PE,1567459833,38,-5.71,-78.81,77.81,4.68
445,george,0,MW,1567459833,71,-15.35,34.83,67.37,4.05
446,hay river,0,AU,1567459834,51,-34.51,144.84,50.27,14.38
447,filotion,0,GR,1567459834,60,37.05,25.5,79.0,10.29
448,san quintin,41,ML,1567459802,66,13.3,-4.9,83.21,5.35
449,ligayan,100,PH,1567459834,75,4.65,119.47,83.21,14.38
450,rio esteban,40,US,1567459772,61,41.11,-90.4,84.0,8.05
451,moose factory,1,US,1567459836,11,43.66,-110.72,89.6,16.11
452,lesozavodsk,0,RU,1567459836,91,45.47,133.42,54.77,4.29
453,aginskoye,100,RU,1567459837,96,51.11,114.54,53.69,0.81
454,tiznit,0,MA,1567459837,91,29.7,-9.73,66.83,3.53
455,palmer,90,AU,1567459837,93,-34.85,139.16,51.01,6.93
456,apiai,91,BR,1567459838,91,-24.51,-48.84,59.99,3.38
457,kudat,75,MY,1567459838,94,6.89,116.84,77.0,2.24
458,nedjo,89,ET,1567459838,93,9.5,35.5,58.37,2.77
459,ndioum,75,SN,1567459839,94,16.51,-14.65,77.0,2.24
460,morondava,0,MG,1567459839,69,-20.3,44.28,76.91,21.14
461,boksitogorsk,0,RU,1567459839,91,59.47,33.85,53.01,5.37
462,najran,0,SA,1567459840,14,17.54,44.22,91.4,4.7
463,aksay,0,KZ,1567459840,78,51.17,53.01,48.29,5.37
464,kalemie,47,CD,1567459841,58,-5.95,29.2,70.43,2.66
465,belomorsk,37,RU,1567459841,85,64.52,34.76,60.17,8.3
466,kisesa,84,TZ,1567459841,71,-2.55,33.05,72.59,5.99
467,praia da vitoria,0,BR,1567459842,36,-20.25,-43.81,84.2,6.93
468,north platte,100,NG,1567459842,93,4.97,7.66,75.11,3.29
469,saint-prosper,100,CA,1567459843,95,46.21,-70.48,61.0,1.01
470,san juan,41,ML,1567459795,66,13.3,-4.9,83.21,5.35
471,tabas,0,IR,1567459843,16,33.6,56.92,87.8,4.7
472,bonnyville,75,CA,1567459844,77,54.27,-110.74,60.8,11.41
473,ondjiva,0,AO,1567459844,16,-17.07,15.73,68.27,6.53
474,mayumba,100,GA,1567459844,87,-3.44,10.65,72.77,10.16
475,kantunilkin,75,MX,1567459845,79,21.1,-87.49,86.0,6.93
476,yarada,75,IN,1567459845,88,17.65,83.27,78.8,2.24
477,sikeston,40,US,1567459661,55,36.88,-89.59,89.01,3.36
478,mataram,100,ID,1567459846,97,-5.32,105.06,68.09,3.22
479,garissa,0,KE,1567459846,72,-0.46,39.64,75.29,21.09
480,manggar,99,ID,1567459847,91,-2.88,108.27,74.39,3.02
481,san pedro,41,ML,1567459802,66,13.3,-4.9,83.21,5.35
482,langarud,75,IR,1567459847,83,37.2,50.15,73.4,1.81
483,yatou,75,CM,1567459848,100,3.63,9.81,77.0,1.12
484,tabou,95,CI,1567459848,94,4.42,-7.36,73.49,4.25
485,arman,100,RU,1567459849,90,59.7,150.17,47.57,0.76
486,jalu,0,LY,1567459849,23,29.03,21.55,88.07,10.78
487,shumikha,100,RU,1567459849,98,55.23,63.28,46.85,4.47
488,lokomotivnyy,0,RU,1567459850,89,53.01,60.57,41.63,6.73
489,marzuq,90,YE,1567459851,37,14.4,46.47,81.05,8.66
490,kununurra,0,AU,1567459851,87,-15.77,128.74,55.4,1.7
491,calama,0,CL,1567459853,4,-22.46,-68.93,71.6,19.46
492,nizwa,0,OM,1567459853,43,22.93,57.53,83.21,2.04
493,dakar,40,SN,1567459853,94,14.69,-17.45,80.6,13.2
494,dzhebariki-khaya,100,RU,1567459854,91,62.22,135.8,47.21,5.21
495,mezen,74,RU,1567459854,84,65.85,44.24,58.55,7.67
496,tomatlan,83,MX,1567459854,70,19.93,-105.25,86.63,12.84
497,honavar,100,IN,1567459855,81,14.28,74.45,81.41,17.13
498,campos novos,0,PT,1567459855,64,41.97,-8.7,79.0,4.7
499,manavalakurichi,40,IN,1567459856,88,8.13,77.3,78.8,11.74
500,jasper,1,US,1567459581,46,33.83,-87.28,93.99,5.82
501,jakar,100,BT,1567459856,97,27.55,90.75,53.33,1.01
502,andrews,40,US,1567459857,18,32.32,-102.55,93.2,8.05
503,awbari,0,LY,1567459857,23,26.59,12.77,87.35,9.78
504,pangnirtung,90,CA,1567459857,100,66.15,-65.72,42.8,9.17
505,eydhafushi,100,MV,1567459858,76,5.1,73.07,82.31,7.78
506,ballina,100,IE,1567459858,99,54.11,-9.15,59.0,24.05
507,manitouwadge,20,CA,1567459858,44,49.12,-85.84,57.2,10.29
508,fortuna,40,US,1567459679,68,40.6,-124.16,86.0,12.75
509,conde,6,BR,1567459859,89,-11.81,-37.61,71.15,4.52
510,tshikapa,63,CD,1567459859,70,-6.42,20.79,76.37,2.3
511,alice springs,0,ZA,1567459860,95,-32.79,26.83,45.95,2.19
512,beterou,100,BJ,1567459860,96,9.2,2.26,72.59,5.64
513,saquena,81,PE,1567459861,55,-4.67,-73.52,88.25,2.95
514,yar-sale,99,RU,1567459861,74,66.83,70.83,47.75,11.18
515,falavarjan,0,IR,1567459862,18,32.56,51.51,66.2,4.7
516,mandalgovi,18,MN,1567459862,40,45.76,106.27,63.59,8.16
517,sars,100,RU,1567459862,98,56.55,57.14,47.39,8.3
518,staroutkinsk,100,RU,1567459863,98,57.23,59.33,43.43,4.47
519,hammerfest,75,NO,1567459863,93,70.66,23.68,50.0,23.04
520,hasaki,75,JP,1567459864,94,35.73,140.83,75.2,5.82
521,ekhabi,100,RU,1567459864,93,53.51,142.97,54.23,19.84
522,ayan,0,IR,1567459864,53,38.23,44.7,55.85,1.16
523,barguzin,63,RU,1567459865,81,53.62,109.63,48.11,2.19
524,malanje,43,AO,1567459866,61,-9.54,16.35,73.85,7.34
